date,code,rocketparts,startcode
1651-08-17,ЫQРЛ704,Регулятор тяги двигателя,РТД704QЫРЛ373
1861-01-23,ЭVФЛ229,Вакуумная камера,ВК229VЭФЛ163
1035-12-07,ЛIЧФ162,Резервная система питания,РСП162IЛЧФ989
1735-04-15,РCRC150,Лазерный прицел,ЛП150CRCР289
1803-01-15,ВJYH866,Запасной контейнер,ЗК866JYHВ221
1661-10-27,JСPК372,Система санитарной обработки,ССО372JPСК363
1310-01-02,QXЮH414,Разделитель зарядки,РЗ414QXHЮ714
1563-09-08,ЯОYF233,Система защиты от метеоритов,СЗОМ233YFЯО461
1520-08-02,ЖЕЖХ992,Инерциальная навигационная система,ИНС992ЖЕЖХ504
1039-11-06,ХХЩR555,Система газораспределения,СГ555RХХЩ985
1356-11-16,LОDЛ468,Солнечные батареи,СБ468LDОЛ668
1791-09-02,VSOH221,Система уничтожения мусора,СУМ221VSOH233
1041-02-07,DВСЗ701,Гидрозапорная система,ГС701DВСЗ983
1232-03-15,TАЮМ813,Теплообменник,Т813TАЮМ792
1928-02-02,RУEO123,Крепежные болты,КБ123REOУ96
1949-02-10,УЯPW232,Наземная ракетная платформа,НРП232PWУЯ75
0919-03-19,QJМY369,Регулятор тяги двигателя,РТД369QJYМ1105
1827-03-03,ЬZЮX122,Контроллер топлива,КТ122ZXЬЮ197
1971-06-04,DЛУF681,Контроллер топлива,КТ681DFЛУ53
1579-05-05,UWЧO689,Радиоизотопный генератор,РГ689UWOЧ445
1567-12-27,TАHГ487,Гидравлическая система,ГС487THАГ457
1227-05-20,WHАR275,Батарея электронных блоков,БЭБ275WHRА797
0903-03-20,TVGG694,Информационно-управляющая система,ИС694TVGG1121
1204-12-27,AJОN902,Теплообменник,Т902AJNО820
1419-02-21,XAЬT527,Реверсивная тяга,РТ527XATЬ605
0977-10-16,ЩEAI270,Газовый генератор,ГГ270EAIЩ1047
1614-01-01,ПUПЭ8,Радиоизотопный генератор,РГ8UППЭ410
1464-06-28,ВDVЫ390,Корпусная панель,КП390DVВЫ560
1898-05-06,STXА51,Система стабилизации,СС51STXА126
0994-04-26,НИХZ164,Уровнемер топлива,УТ164ZНИХ1030
0952-07-05,ЭСНO344,Система вентиляции,СВ344OЭСН1072
1746-05-04,VЭУЭ293,Резервная система питания,РСП293VЭУЭ278
1487-01-21,ГЛГМ676,Спутниковая антенна,СА676ГЛГМ537
1585-10-18,ZZЭO494,Рулевая сопля,РС494ZZOЭ439
0958-01-09,ЩQГZ230,Ускоритель,У230QZЩГ1066
1016-09-19,ЩМФМ440,Гидрозапорная система,ГС440ЩМФМ1008
1351-02-10,НYZЮ647,Гидрозапорная система,ГС647YZНЮ673
1390-05-05,IНXК480,Фильтр газоотводного патрубка,ФГП480IXНК634
1414-12-20,FHТИ946,Навигационный модуль,НМ946FHТИ610
0970-04-21,LYОД50,Система дозаправки топлива,СДТ50LYОД1054
1303-02-24,HЪНЯ603,Азотный бак,АБ603HЪНЯ721
1848-03-21,ЖEЧR526,Генератор apu,ГA526ERЖЧ176
1574-02-14,FМUТ420,Система уничтожения мусора,СУМ420FUМТ450
1646-05-14,ТNLЛ5,Ускорительный блок,УБ5NLТЛ378
1175-09-11,DJЧЖ711,Радиоизотопный генератор,РГ711DJЧЖ849
1536-03-02,XСЧS583,Ускорительный блок,УБ583XSСЧ488
2005-09-18,ШMAЙ508,Корпусная панель,КП508MAШЙ19
1318-11-08,ДLMO836,Гидравлическая система,ГС836LMOД706
1892-10-12,VWEO966,Щит теплоизоляции,ЩТ966VWEO132
1204-12-03,ИJЗГ947,Внешний обтекатель,ВО947JИЗГ820
1292-12-11,RWLЫ241,Система дозаправки топлива,СДТ241RWLЫ732
1068-09-12,PZIР885,Газодинамическая система управления,ГСУ885PZIР956
1988-05-07,UЫРЩ767,Резервный блок питания,РБП767UЫРЩ36
1043-04-21,RЯЭF276,Ёмкость жидкого водорода,ЁЖВ276RFЯЭ981
1740-09-07,LТДR148,Резервный турбонасос,РТ148LRТД284
0970-06-01,ЗЗKЪ38,Батарейный отсек,БО38KЗЗЪ1054
1816-06-28,IЩLБ197,Система вентиляции,СВ197ILЩБ208
1518-07-21,FUYО8,Система аварийного отключения,САО8FUYО506
1503-02-15,AЦРQ230,Гидравлическая система,ГС230AQЦР521
1137-02-19,AМUК552,Солнечные батареи,СБ552AUМК887
0927-08-21,VПТU590,Корректирующая сопля,КС590VUПТ1097
2010-02-04,GЙLA236,Ускорительный блок,УБ236GLAЙ14
1551-04-08,MJPX345,Система подачи кислорода,СПК345MJPX473
1988-03-11,ЧOЯЯ372,Топливный бак,ТБ372OЧЯЯ36
1466-10-04,ЧЧФC581,Газовый сепаратор,ГС581CЧЧФ558
1198-07-19,YЭОP431,Коммуникационная панель,КП431YPЭО826
1845-12-26,SZCI145,Главный двигатель,ГД145SZCI179
0905-03-08,ЖCРЕ474,Фильтр газоотводного патрубка,ФГП474CЖРЕ1119
1714-12-07,ФИZB298,Система охлаждения камеры сгорания,СОКС298ZBФИ310
1758-03-03,ZMCZ241,Система санитарной обработки,ССО241ZMCZ266
1337-07-10,ЖBЮE800,Система охлаждения камеры сгорания,СОКС800BEЖЮ687
1646-03-25,ЙБШП244,Внутренний предохранитель,ВП244ЙБШП378
1216-04-13,ФOЦВ528,Контейнер для отходов,КДО528OФЦВ808
1949-06-08,УSVК693,Герметичный контейнер,ГК693SVУК75
1544-11-02,ЕDКK973,Система очистки топлива,СОТ973DKЕК480
1329-03-04,МVЧЦ312,Система подачи кислорода,СПК312VМЧЦ695
1641-07-14,СЗIB230,Резервный турбонасос,РТ230IBСЗ383
1612-01-07,ФFAQ429,Система очистки топлива,СОТ429FAQФ412
1442-05-12,ФMШК880,Комплект резервных датчиков,КРД880MФШК582
1902-01-05,AИРA650,Модульный отсек,МО650AAИР122
1952-03-09,ЧKVЫ727,Ёмкость жидкого водорода,ЁЖВ727KVЧЫ72
1998-02-03,LЯЯV779,Резервный топливный бак,РТБ779LVЯЯ26
1170-10-06,ЙМБЫ89,Система взрывной обработки,СВО89ЙМБЫ854
1895-03-12,HTОЕ259,Резервный блок питания,РБП259HTОЕ129
1038-10-22,OGDY825,Рулевая сопля,РС825OGDY986
1444-03-25,ЙVLL29,Огнедышащий сопел,ОС29VLLЙ580
0937-12-25,ESXR742,Система защиты от перегрузок,СЗОП742ESXR1087
1777-04-21,ЦВPГ293,Стойка поддержки,СП293PЦВГ247
1138-11-09,HЙBЙ590,Антенна связи,АС590HBЙЙ886
1731-06-19,RЛЖЧ146,Система питания,СП146RЛЖЧ293
1665-03-27,KJEО745,Система уничтожения мусора,СУМ745KJEО359
1258-03-28,YЮRЛ700,Радиосигнальная система,РС700YRЮЛ766
1719-08-16,ЖFDФ662,Система погасителей,СП662FDЖФ305
1146-10-17,СВТЕ325,Система погасителей,СП325СВТЕ878
1203-10-14,БЩЯB794,Контейнер для отходов,КДО794BБЩЯ821
1898-04-26,ТWЬЪ953,Система подачи кислорода,СПК953WТЬЪ126
1601-02-18,XРШN956,Стабилизатор,С956XNРШ423
1840-11-28,NZRМ219,Гидравлическая система,ГС219NZRМ184
1224-02-28,XQЛЭ853,Вакуумная камера,ВК853XQЛЭ800
1332-01-01,MЭУФ45,Топливный насос,ТН45MЭУФ692
1308-06-28,CРРO55,Разгрузочный механизм,РМ55COРР716
0924-08-11,NХОN296,Система уничтожения мусора,СУМ296NNХО1100
1387-09-12,CУZX148,Батарея электронных блоков,БЭБ148CZXУ637
0904-01-26,IЩVU755,Спутниковая антенна,СА755IVUЩ1120
1533-09-20,UCGW856,Батарейный отсек,БО856UCGW491
1394-10-11,МВOШ212,Разгрузочный механизм,РМ212OМВШ630
1680-01-08,ГРЦЧ600,Комплект резервных датчиков,КРД600ГРЦЧ344
1958-08-22,JСХМ16,Регулятор давления,РД16JСХМ66
1469-04-14,TCNP808,Система подачи кислорода,СПК808TCNP555
1631-02-15,WWGA864,Пылесборный фильтр,ПФ864WWGA393
1045-08-23,ЫЗБВ448,Щит теплоизоляции,ЩТ448ЫЗБВ979
1506-09-28,KЖZЕ158,Кондиционер воздуха,КВ158KZЖЕ518
1386-09-06,ЫNLK430,Рычаг управления,РУ430NLKЫ638
1618-09-07,ЪFЮЧ350,Система санитарной обработки,ССО350FЪЮЧ406
1489-01-17,PXLE524,Ускорительный блок,УБ524PXLE535
1957-02-19,АОAW902,Запасной двигатель,ЗД902AWАО67
1046-05-02,BЕWШ612,Инерциальная навигационная система,ИНС612BWЕШ978
1720-01-02,ZГPP66,Спутниковая антенна,СА66ZPPГ304
1760-05-16,CVМЕ170,Фазовод,Ф170CVМЕ264
0921-04-09,FХВК714,Уплотнительное кольцо,УК714FХВК1103
1448-09-07,HКМK859,Основное управление двигателем,ОУД859HKКМ576
1747-07-21,FMНЯ284,Модульный отсек,МО284FMНЯ277
1309-05-23,ЪФEХ374,Аэродинамический кокпит,АК374EЪФХ715
1634-11-20,ФЫЖИ131,Воздухозаборник,В131ФЫЖИ390
1160-03-26,QУЛT188,Резервный блок питания,РБП188QTУЛ864
1347-01-16,JOЗZ703,Система стабилизации,СС703JOZЗ677
1185-03-06,EПЛШ356,Фазовод,Ф356EПЛШ839
1689-07-21,УDЗЙ107,Разъединитель топливных линий,РТЛ107DУЗЙ335
1193-03-18,РJЛМ228,Автоматическая навигационная система,АНС228JРЛМ831
1362-01-13,РQАС593,Запасной контейнер,ЗК593QРАС662
1273-05-23,BZЕU847,Герметичный контейнер,ГК847BZUЕ751
1332-04-09,ИHZP970,Система охлаждения камеры сгорания,СОКС970HZPИ692
1984-04-24,FЬOM413,Теплообменник,Т413FOMЬ40
1184-12-14,СЯМY699,Спутниковая антенна,СА699YСЯМ840
1666-07-22,ЧJKИ204,Блок управления турбиной,БУТ204JKЧИ358
1782-02-19,MЫRI728,Система дозаправки топлива,СДТ728MRIЫ242
1026-10-13,ХEКЦ321,Ступенька,С321EХКЦ998
1451-12-08,LLLE43,Резервный турбонасос,РТ43LLLE573
1535-05-21,ЧОLC624,Основное управление двигателем,ОУД624LCЧО489
1348-10-25,YАЖR194,Аэродинамический кокпит,АК194YRАЖ676
1893-12-26,ДГЪI908,Коммуникационная панель,КП908IДГЪ131
1728-09-13,RЦНЖ865,Корректирующая сопля,КС865RЦНЖ296
1758-06-04,РZНU816,Газовый сепаратор,ГС816ZUРН266
1783-02-15,LIСЪ171,Стабилизатор,С171LIСЪ241
1254-10-25,OGVФ963,Система погасителей,СП963OGVФ770
1202-10-07,ТЗНП401,Ускоритель,У401ТЗНП822
1679-12-23,LДPZ913,Коммуникационная панель,КП913LPZД345
1228-12-16,NЧWG811,Ёмкость жидкого водорода,ЁЖВ811NWGЧ796
1154-09-07,ЭЧTF148,Разгрузочный механизм,РМ148TFЭЧ870
1476-08-24,ПWNЬ484,Разгрузочный механизм,РМ484WNПЬ548
1952-04-16,ЪRБЕ169,Гидравлическая система,ГС169RЪБЕ72
1864-10-08,CПЕO480,Система питания,СП480COПЕ160
1761-08-01,ЪGNH893,Уплотнительное кольцо,УК893GNHЪ263
1315-08-11,ЛЦLQ456,Радиоизотопный генератор,РГ456LQЛЦ709
1201-03-03,IЬXФ356,Система питания,СП356IXЬФ823
1617-02-02,ЙPВК371,Клапан подкачки топлива,КПТ371PЙВК407
1423-12-07,ФБЖZ528,Регулятор давления,РД528ZФБЖ601
1805-12-11,ПJAF80,Разделитель зарядки,РЗ80JAFП219
1217-06-15,HЩCН452,Топливный насос,ТН452HCЩН807
1998-01-13,EHРV514,Система радарного обнаружения,СРО514EHVР26
1228-07-04,YMЯМ911,Топливный насос,ТН911YMЯМ796
1148-11-05,ЖЫЬE248,Корректирующая сопля,КС248EЖЫЬ876
1560-01-18,ТRSО430,Разделитель зарядки,РЗ430RSТО464
1198-05-25,ФNNМ962,Система защиты от метеоритов,СЗОМ962NNФМ826
1361-11-02,ЩДRШ137,Разъединитель топливных линий,РТЛ137RЩДШ663
1786-01-22,UГОЬ980,Термобарическая камера,ТК980UГОЬ238
1918-12-14,ЩОТЦ803,Топливный насос,ТН803ЩОТЦ106
1174-03-16,QЭВR150,Стабилизатор,С150QRЭВ850
1898-03-22,SAVЮ33,Зарядное устройство,ЗУ33SAVЮ126
1399-02-15,ЩЕЭP357,Батарея электронных блоков,БЭБ357PЩЕЭ625
1851-08-14,QКJZ72,Теплообменник,Т72QJZК173
1402-04-17,NШЗU252,Охолаждающая система,ОС252NUШЗ622
1177-10-03,ЮЮФЬ813,Газовый генератор,ГГ813ЮЮФЬ847
1809-07-11,ЛTOH439,Пылесборный фильтр,ПФ439TOHЛ215
1405-06-02,MHPЯ585,Стойка поддержки,СП585MHPЯ619
1763-05-28,XZCT854,Внутренний предохранитель,ВП854XZCT261
1120-01-12,GЦХN922,Динамические тормоза,ДТ922GNЦХ904
1562-10-14,ZСXX318,Спутниковая антенна,СА318ZXXС462
1341-05-02,ГQШЩ499,Коммуникационная панель,КП499QГШЩ683
1442-01-25,ЭЕLC210,Резервная система питания,РСП210LCЭЕ582
0955-07-01,ДYRЫ253,Термооболочка,Т253YRДЫ1069
1375-05-04,ENСG941,Ступенька,С941ENGС649
1404-05-02,ФHYP725,Радиосигнальная система,РС725HYPФ620
1793-04-13,FQЮЮ93,Газовый генератор,ГГ93FQЮЮ231
1606-06-03,УHMI136,Спутниковая антенна,СА136HMIУ418
1642-06-15,ЙBXЭ383,Главный двигатель,ГД383BXЙЭ382
1259-12-28,OWЕЮ792,Корпусная панель,КП792OWЕЮ765
1298-10-01,ZFГЩ13,Автоклавная установка,АУ13ZFГЩ726
1971-11-05,NТGЖ370,Рычаг управления,РУ370NGТЖ53
1226-09-04,TФZЖ420,Газовый сепаратор,ГС420TZФЖ798
1204-03-15,МГПG807,Топливный бак,ТБ807GМГП820
1416-03-12,ЕВHD798,Разгрузочный механизм,РМ798HDЕВ608
0960-07-26,DCWУ258,Запасной двигатель,ЗД258DCWУ1064
1480-01-05,ЖAЬЩ395,Система стабилизации,СС395AЖЬЩ544
1108-08-03,SCОС189,Главный двигатель,ГД189SCОС916
1661-12-07,ЮNЗS470,Датчик температуры,ДТ470NSЮЗ363
1810-07-10,GDMH945,Рычаг управления,РУ945GDMH214
0940-04-01,СVНЙ621,Разделитель зарядки,РЗ621VСНЙ1084
1448-10-10,ФZBF774,Система очистки топлива,СОТ774ZBFФ576
1208-08-05,RАHЙ640,Система аварийного отключения,САО640RHАЙ816
1939-02-08,ЭЬJЩ335,Комплект резервных датчиков,КРД335JЭЬЩ85
1397-03-22,КЩWL302,Система защиты от метеоритов,СЗОМ302WLКЩ627
1968-12-02,ЪЯPW533,Основное управление двигателем,ОУД533PWЪЯ56
1852-02-07,БЧГЯ737,Коммуникационная панель,КП737БЧГЯ172
1820-06-26,EФXB434,Турбоагрегат,Т434EXBФ204
1223-01-02,DNVL53,Генератор apu,ГA53DNVL801
1843-12-14,NXRО152,Ступенька,С152NXRО181
1449-02-15,CХNЙ32,Фазовод,Ф32CNХЙ575
1336-11-13,FЙИJ675,Внешний обтекатель,ВО675FJЙИ688
1666-11-06,ГSЭТ532,Система газораспределения,СГ532SГЭТ358
1344-11-15,LЖXW958,Огнедышащий сопел,ОС958LXWЖ680
1051-11-23,KЬНЦ397,Датчик температуры,ДТ397KЬНЦ973
1763-10-17,УЕХЕ263,Азотный бак,АБ263УЕХЕ261
1596-11-15,КЙFХ747,Генератор apu,ГA747FКЙХ428
1959-06-12,ДЧJЕ930,Радиоизотопный генератор,РГ930JДЧЕ65
1905-12-12,UТЧB881,Крепежные болты,КБ881UBТЧ119
1544-12-20,ОXSQ727,Вакуумный регулятор давления,ВРД727XSQО480
1959-09-08,MЭLЧ514,Система охлаждения двигателя,СОД514MLЭЧ65
1367-03-28,VМГV236,Разгрузочный механизм,РМ236VVМГ657
1449-07-26,ЕАМЪ604,Система взрывной обработки,СВО604ЕАМЪ575
1926-10-06,ЮЯМЫ652,Рычаг управления,РУ652ЮЯМЫ98
1816-11-05,QСDЛ480,Навигационный модуль,НМ480QDСЛ208
1821-02-26,MУГW647,Газовый сепаратор,ГС647MWУГ203
1087-01-17,MAПS608,Запасной двигатель,ЗД608MASП937
1994-08-19,VKPО611,Устройство управления тягой,УУТ611VKPО30
1208-11-28,ИSNZ231,Аэродинамический кокпит,АК231SNZИ816
1795-03-04,HXВУ323,Вакуумный насос,ВН323HXВУ229
2002-11-10,ЗKIV712,Гидрозапорная система,ГС712KIVЗ22
1917-03-16,КТМK821,Камера сгорания,КС821KКТМ107
1029-08-17,CОCT976,Система радарного обнаружения,СРО976CCTО995
1929-09-01,WНЗИ346,Запасной двигатель,ЗД346WНЗИ95
1981-07-21,ВШЦL75,Структурный каркас,СК75LВШЦ43
1235-11-22,BЛОТ405,Аэродинамический кокпит,АК405BЛОТ789
1492-04-10,ЦPЪИ710,Основное управление двигателем,ОУД710PЦЪИ532
1795-10-17,BPИG539,Воздухозаборник,В539BPGИ229
1866-10-18,ТFHV322,Камера сгорания,КС322FHVТ158
1591-04-15,ИЧАЭ252,Реверсивная тяга,РТ252ИЧАЭ433
1988-02-06,ЪDЖГ772,Рычаг управления,РУ772DЪЖГ36
1524-11-04,VКAE937,Камера сгорания,КС937VAEК500
1239-12-18,FIBY245,Коммуникационная панель,КП245FIBY785
1574-02-14,ГИWС317,Рычаг управления,РУ317WГИС450
1558-10-09,УЯPQ647,Внутренний предохранитель,ВП647PQУЯ466
1618-01-14,WСХC332,Турбоагрегат,Т332WCСХ406
1786-01-12,FРVЗ947,Кольцевой теплообменник,КТ947FVРЗ238
1551-01-27,XДWC308,Фильтр газоотводного патрубка,ФГП308XWCД473
1999-10-16,УЙТХ195,Батарейный отсек,БО195УЙТХ25
1810-05-16,ГCЗS280,Основное управление двигателем,ОУД280CSГЗ214
1361-12-17,IВЗН948,Запасной двигатель,ЗД948IВЗН663
1614-10-05,QИОX926,Вакуумная камера,ВК926QXИО410
1259-08-26,SЦZБ680,Термооболочка,Т680SZЦБ765
1684-05-13,MОEЯ844,Солнечные батареи,СБ844MEОЯ340
1376-02-11,ИTPN574,Стабилизатор,С574TPNИ648
1908-07-07,УПHE648,Гидравлическая система,ГС648HEУП116
1502-03-25,ЧWЬR606,Пылесборный фильтр,ПФ606WRЧЬ522
1847-12-13,HWUА553,Система питания,СП553HWUА177
1565-03-03,УСAB996,Регулятор тяги двигателя,РТД996ABУС459
1065-01-16,ЫCVF850,Реверсивная тяга,РТ850CVFЫ959
1007-09-03,IQFУ583,Стабилизатор,С583IQFУ1017
1548-01-28,ZЗДX500,Главный двигатель,ГД500ZXЗД476
1255-04-12,EKЖО922,Датчик высоты,ДВ922EKЖО769
0912-10-19,ЖЭPЧ553,Разделитель зарядки,РЗ553PЖЭЧ1112
1984-11-10,ЪQLO994,Уровнемер топлива,УТ994QLOЪ40
1502-05-07,ИВХO673,Пылесборный фильтр,ПФ673OИВХ522
1375-06-11,OBСЦ22,Газовый сепаратор,ГС22OBСЦ649
1959-11-09,LЮНP222,Внутренний предохранитель,ВП222LPЮН65
1671-09-10,ФКOS41,Автоматическая навигационная система,АНС41OSФК353
1343-10-01,ЩЪHЕ64,Модульный отсек,МО64HЩЪЕ681
1501-08-11,TЬГЬ647,Система взрывной обработки,СВО647TЬГЬ523
1954-05-28,АLHШ661,Камера сгорания,КС661LHАШ70
1674-03-15,ИИQV798,Автоматическая навигационная система,АНС798QVИИ350
1055-11-01,QБGM264,Блок управления турбиной,БУТ264QGMБ969
1765-10-24,ШПAБ183,Система санитарной обработки,ССО183AШПБ259
1721-06-08,ГUГЧ642,Система защиты от метеоритов,СЗОМ642UГГЧ303
1603-03-24,ОBЖK951,Система очистки топлива,СОТ951BKОЖ421
1874-03-14,HЛПЙ512,Двигатель основной,ДО512HЛПЙ150
1749-09-23,EXVO741,Резервный топливный бак,РТБ741EXVO275
1713-10-01,PIUН48,Резервный блок питания,РБП48PIUН311
0967-10-22,XKРС644,Система аварийного отключения,САО644XKРС1057
1301-08-23,АИAX735,Камера сгорания,КС735AXАИ723
1592-04-05,ZZMJ491,Система охлаждения двигателя,СОД491ZZMJ432
1924-12-03,FDPЮ929,Система вентиляции,СВ929FDPЮ100
1226-12-03,ЫWЧТ385,Уплотнительное кольцо,УК385WЫЧТ798
1378-07-12,ШЗLB609,Воздухозаборник,В609LBШЗ646
1885-02-19,ECBT774,Огнедышащий сопел,ОС774ECBT139
1706-04-23,МНJU959,Рычаг управления,РУ959JUМН318
1394-07-10,CLДH750,Гидрозапорная система,ГС750CLHД630
0900-03-20,HБПК464,Ускоритель,У464HБПК1124
1765-05-09,RЗЩП80,Батарейный отсек,БО80RЗЩП259
0916-05-21,EЛЫB863,Информационно-управляющая система,ИС863EBЛЫ1108
1876-09-28,КGUЭ542,Термооболочка,Т542GUКЭ148
1122-09-21,ПЪЩB601,Гидравлический толкач,ГТ601BПЪЩ902
1196-07-23,ЬNХР778,Навигационный модуль,НМ778NЬХР828
1654-03-10,ШBPС166,Отделение ступеньки,ОС166BPШС370
1878-10-01,EЫFТ700,Теплообменник,Т700EFЫТ146
1756-04-20,ЦGЛР762,Кислородный бак,КБ762GЦЛР268
1599-08-01,АWИТ277,Кондиционер воздуха,КВ277WАИТ425
1849-06-19,ЛIQШ263,Батарейный отсек,БО263IQЛШ175
1747-10-07,BЖCQ439,Резервный топливный бак,РТБ439BCQЖ277
1192-02-01,QККЮ396,Система газораспределения,СГ396QККЮ832
0931-11-19,ГПFА309,Батарея электронных блоков,БЭБ309FГПА1093
1312-11-18,ДEIМ973,Система защиты от метеоритов,СЗОМ973EIДМ712
1881-07-23,ЬHЧШ618,Система погасителей,СП618HЬЧШ143
1642-02-22,ЕJUX96,Корректирующая сопля,КС96JUXЕ382
1083-09-08,ЛЫKЫ807,Газовый сепаратор,ГС807KЛЫЫ941
1058-04-04,ЩЙЬQ27,Система охлаждения камеры сгорания,СОКС27QЩЙЬ966
1675-07-28,ЦPWK895,Камера сгорания,КС895PWKЦ349
1268-04-08,IEQС424,Термобарическая камера,ТК424IEQС756
0913-08-10,VZЮМ954,Датчик температуры,ДТ954VZЮМ1111
1071-01-17,ШYRX872,Камера сгорания,КС872YRXШ953
1327-12-02,ВБKG773,Щит теплоизоляции,ЩТ773KGВБ697
1085-05-05,JЬЭЭ401,Система очистки топлива,СОТ401JЬЭЭ939
1162-09-12,ЗЗYZ722,Система защиты от перегрузок,СЗОП722YZЗЗ862
1578-02-12,ЗRRD927,Теплоизолирующая оболочка,ТО927RRDЗ446
1116-10-20,АEЗR47,Стойка поддержки,СП47ERАЗ908
1547-11-04,ЫФTЙ380,Датчик температуры,ДТ380TЫФЙ477
0942-04-05,ЛBВХ671,Система защиты от перегрузок,СЗОП671BЛВХ1082
1800-02-06,SFMХ610,Стабилизатор,С610SFMХ224
1777-04-27,ЕDТЗ509,Кислородный бак,КБ509DЕТЗ247
1409-11-02,EЭZД800,Спутниковая антенна,СА800EZЭД615
1157-08-09,SOЬI56,Телекоммуникационная антенна,ТА56SOIЬ867
1602-06-12,LЩЯУ569,Рычаг управления,РУ569LЩЯУ422
1732-02-19,NIDГ205,Ракетный агрегат,РА205NIDГ292
1813-01-13,AIPУ335,Система очистки топлива,СОТ335AIPУ211
1201-07-16,ЦХШJ355,Резервный турбонасос,РТ355JЦХШ823
1371-07-10,ЫЕLH964,Крепежные болты,КБ964LHЫЕ653
1043-03-19,LKТЙ869,Аэродинамический кокпит,АК869LKТЙ981
1760-04-09,NГFV901,Ракетный агрегат,РА901NFVГ264
1067-11-06,ЭЛУЭ137,Ступенька,С137ЭЛУЭ957
0984-06-06,OЙDH159,Батарейный отсек,БО159ODHЙ1040
1565-11-05,ЧYЯЮ834,Внутренний предохранитель,ВП834YЧЯЮ459
1242-03-16,AZЙC664,Аэродинамический кокпит,АК664AZCЙ782
1899-11-21,ЗVWZ377,Динамические тормоза,ДТ377VWZЗ125
0979-02-21,ГLSФ613,Система погасителей,СП613LSГФ1045
1843-05-19,ГЛТП44,Уровнемер топлива,УТ44ГЛТП181
1677-07-16,ЛCЙE670,Блок управления турбиной,БУТ670CEЛЙ347
1786-04-21,ШОЬЙ949,Корпусная панель,КП949ШОЬЙ238
1131-08-21,ХZOЙ803,Система подачи кислорода,СПК803ZOХЙ893
2015-02-26,JОUL15,Основное управление двигателем,ОУД15JULО9
1306-06-18,QSБЙ896,Система подачи кислорода,СПК896QSБЙ718
1743-07-26,ПГЬB80,Радиоизотопный генератор,РГ80BПГЬ281
1168-09-10,JФПF794,Система уничтожения мусора,СУМ794JFФП856
1764-01-04,НEУГ21,Система подкачки топлива,СПТ21EНУГ260
1864-01-12,ПСTZ199,Разделитель зарядки,РЗ199TZПС160
1855-07-11,OЫУE306,Газодинамическая система управления,ГСУ306OEЫУ169
1524-03-09,ЙXSН677,Ускоритель,У677XSЙН500
1424-11-02,PHMЪ975,Система взрывной обработки,СВО975PHMЪ600
1631-02-06,NJJH201,Резервный топливный бак,РТБ201NJJH393
1377-11-13,ШБAЫ718,Система уничтожения мусора,СУМ718AШБЫ647
1516-03-09,ЖOQЮ810,Информационно-управляющая система,ИС810OQЖЮ508
1946-11-11,ТШШE366,Наземная ракетная платформа,НРП366EТШШ78
2018-08-28,ШЦЕЖ263,Резервный блок питания,РБП263ШЦЕЖ6
1568-01-28,ЮMSЖ519,Газодинамическая система управления,ГСУ519MSЮЖ456
1990-01-12,QLЪЩ997,Мультиспектральный прибор,МП997QLЪЩ34
1595-01-07,НQZI309,Система стабилизации,СС309QZIН429
1771-07-23,RОЩФ389,Гидравлическая система,ГС389RОЩФ253
0981-04-22,DЮAE30,Кислородный бак,КБ30DAEЮ1043
1620-08-17,ДХSN695,Блок управления турбиной,БУТ695SNДХ404
1805-08-15,PЪTI471,Вакуумная камера,ВК471PTIЪ219
1752-03-13,ХZЪФ923,Турбоагрегат,Т923ZХЪФ272
1598-01-09,VNДД960,Камера сгорания,КС960VNДД426
1556-02-11,FЭQQ397,Крепежные болты,КБ397FQQЭ468
1339-04-03,ГЯUT169,Контейнер для отходов,КДО169UTГЯ685
1040-10-01,RYBЙ267,Рулевая сопля,РС267RYBЙ984
0934-08-17,VШWE474,Зарядное устройство,ЗУ474VWEШ1090
1956-06-13,OКИO66,Корректирующая сопля,КС66OOКИ68
1253-12-10,TDYЦ492,Коммуникационная панель,КП492TDYЦ771
1345-10-21,ЯYBM141,Турбонасосный агрегат,ТА141YBMЯ679
1273-05-03,KФVI497,Батарейный отсек,БО497KVIФ751
1196-05-10,ЛURЪ263,Система подачи кислорода,СПК263URЛЪ828
1110-11-27,ЯХPИ8,Ступенька,С8PЯХИ914
0937-04-21,ТGЛC30,Мультиспектральный прибор,МП30GCТЛ1087
1620-02-22,YЮФА410,Внешний обтекатель,ВО410YЮФА404
1451-06-02,YЧVЬ654,Кольцевой теплообменник,КТ654YVЧЬ573
1285-09-13,AЯTФ828,Уровнемер топлива,УТ828ATЯФ739
1499-03-22,HYIQ747,Охолаждающая система,ОС747HYIQ525
1711-03-09,РNTЧ995,Инерциальная навигационная система,ИНС995NTРЧ313
1551-12-20,ОUXА57,Рычаг управления,РУ57UXОА473
1938-12-16,FЪBE286,Лазерный прицел,ЛП286FBEЪ86
1890-09-03,HКGМ578,Система очистки топлива,СОТ578HGКМ134
1234-09-23,FVKУ472,Мультиспектральный прибор,МП472FVKУ790
1216-08-12,TЭCM248,Стабилизатор,С248TCMЭ808
1787-01-13,ЩРВО699,Резервная система питания,РСП699ЩРВО237
1549-04-17,MИYR537,Воздухозаборник,В537MYRИ475
1515-05-19,WGPШ84,Датчик температуры,ДТ84WGPШ509
1531-01-20,ЖYCИ414,Гидравлический толкач,ГТ414YCЖИ493
0960-03-26,BРGС972,Воздухозаборник,В972BGРС1064
0950-07-21,АЖЭД86,Газодинамическая система управления,ГСУ86АЖЭД1074
1822-12-09,ВЪЮV84,Зарядное устройство,ЗУ84VВЪЮ202
0988-04-20,ФЯАF953,Комплект резервных датчиков,КРД953FФЯА1036
1441-02-07,XЖNY143,Гидравлический толкач,ГТ143XNYЖ583
1318-02-22,CKНC52,Фазовод,Ф52CKCН706
1721-02-25,MRSF529,Солнечные батареи,СБ529MRSF303
1423-12-27,SКCЗ863,Теплоизолирующая оболочка,ТО863SCКЗ601
1687-01-22,TФWЪ757,Блок управления турбиной,БУТ757TWФЪ337
1084-04-07,ЭLED459,Запасной контейнер,ЗК459LEDЭ940
1187-08-27,ЗЙVU546,Гидрозапорная система,ГС546VUЗЙ837
1389-11-25,ХЖХG655,Внешний обтекатель,ВО655GХЖХ635
1563-02-07,OEЩJ703,Резервный топливный бак,РТБ703OEJЩ461
1037-01-26,УHEЖ437,Турбоагрегат,Т437HEУЖ987
1661-09-04,MНИЦ732,Структурный каркас,СК732MНИЦ363
1326-06-04,КDCО896,Система взрывной обработки,СВО896DCКО698
1870-03-08,SGЬV855,Разъединитель топливных линий,РТЛ855SGVЬ154
2006-07-21,BМСL605,Воздухозаборник,В605BLМС18
1016-10-27,VPSB214,Основное управление двигателем,ОУД214VPSB1008
1918-01-22,ЖТXБ359,Устройство управления тягой,УУТ359XЖТБ106
1622-07-05,КСXT106,Модульный отсек,МО106XTКС402
1447-01-09,XТYБ530,Ступенька,С530XYТБ577
1940-09-23,TIDQ403,Крепежные болты,КБ403TIDQ84
0942-05-20,SGPX644,Блок управления турбиной,БУТ644SGPX1082
1021-08-28,ФУWV141,Стойка поддержки,СП141WVФУ1003
1400-03-22,ЮSGЬ331,Лазерный прицел,ЛП331SGЮЬ624
1007-02-04,ТДCQ748,Пылесборный фильтр,ПФ748CQТД1017
1848-09-01,УЫРЛ326,Фазовод,Ф326УЫРЛ176
1866-07-14,LRЧO900,Радиосигнальная система,РС900LROЧ158
1520-12-14,ЭLГЮ83,Фильтр газоотводного патрубка,ФГП83LЭГЮ504
1166-01-08,ЯDNЭ906,Ускоритель,У906DNЯЭ858
1314-02-14,KХDЯ22,Вакуумная камера,ВК22KDХЯ710
1996-05-20,БRHЙ346,Реверсивная тяга,РТ346RHБЙ28
1885-04-16,АFОЩ833,Кондиционер воздуха,КВ833FАОЩ139
1150-02-26,РФЭZ539,Охлаждающий генератор,ОГ539ZРФЭ874
1237-07-15,ЗЦЫQ16,Система автоматического восстановления,САВ16QЗЦЫ787
1875-08-17,ZSOD722,Гидрозапорная система,ГС722ZSOD149
1347-07-22,ЯВVЛ261,Разгрузочный механизм,РМ261VЯВЛ677
1879-07-19,БAМБ405,Разъединитель топливных линий,РТЛ405AБМБ145
1550-10-06,RBLИ487,Блок управления турбиной,БУТ487RBLИ474
1873-05-24,ВDЗЩ99,Стойка поддержки,СП99DВЗЩ151
1396-10-24,БQЛГ599,Внутренний предохранитель,ВП599QБЛГ628
1971-11-22,ЭТЖI44,Газовый генератор,ГГ44IЭТЖ53
1982-01-27,НZЧЮ976,Генератор apu,ГA976ZНЧЮ42
1068-10-28,CЩКЯ342,Модульный отсек,МО342CЩКЯ956
1322-02-17,ДVЛT539,Система уничтожения мусора,СУМ539VTДЛ702
1657-08-17,ДMЖЮ620,Газовый сепаратор,ГС620MДЖЮ367
1152-03-07,VСVЙ519,Динамические тормоза,ДТ519VVСЙ872
1307-09-12,МХKM353,Разделитель зарядки,РЗ353KMМХ717
1546-03-05,ЪUGP505,Система дозаправки топлива,СДТ505UGPЪ478
1710-10-23,GЩTV770,Система стабилизации,СС770GTVЩ314
1690-09-04,ITKT545,Система вентиляции,СВ545ITKT334
1798-03-24,ЬBЩO503,Ракетный агрегат,РА503BOЬЩ226
1059-12-02,GNWЕ285,Корпусная панель,КП285GNWЕ965
1154-03-17,ПЫPZ257,Автоклавная установка,АУ257PZПЫ870
1118-05-23,ЪЩВР618,Газовый сепаратор,ГС618ЪЩВР906
1001-06-18,HCЩЭ89,Разъединительные болты,РБ89HCЩЭ1023
1877-09-10,ZMPЭ224,Динамические тормоза,ДТ224ZMPЭ147
1655-08-13,SГНB572,Датчик температуры,ДТ572SBГН369
1644-01-15,EЫЦЯ875,Корпусная панель,КП875EЫЦЯ380
1866-11-09,УЗMМ381,Газовый сепаратор,ГС381MУЗМ158
1957-06-24,NDFW340,Топливный бак,ТБ340NDFW67
1481-09-13,ЦОKЖ143,Газодинамическая система управления,ГСУ143KЦОЖ543
1156-07-22,BZCП557,Внутренний предохранитель,ВП557BZCП868
1319-04-10,VКBТ320,Наземная ракетная платформа,НРП320VBКТ705
1817-04-18,AАQO664,Система уничтожения мусора,СУМ664AQOА207
0980-06-02,ЗRNX260,Охлаждающий генератор,ОГ260RNXЗ1044
1493-07-16,ЪДВY626,Резервный турбонасос,РТ626YЪДВ531
1798-01-23,BZЛZ684,Огнедышащий сопел,ОС684BZZЛ226
1914-05-27,IJVE641,Термобарическая камера,ТК641IJVE110
0990-05-11,УЩГМ97,Автоклавная установка,АУ97УЩГМ1034
1522-08-17,ИNJБ55,Топливный бак,ТБ55NJИБ502
1002-12-09,PFЮN786,Газодинамическая система управления,ГСУ786PFNЮ1022
1982-06-13,МТUС123,Корпусная панель,КП123UМТС42
1929-07-11,XЫQZ42,Мультиспектральный прибор,МП42XQZЫ95
1478-08-24,PHRТ874,Клапан подкачки топлива,КПТ874PHRТ546
1771-12-21,ETVА961,Теплообменник,Т961ETVА253
1800-12-09,ЖEЗЪ53,Контроллер топлива,КТ53EЖЗЪ224
1748-06-14,ИХЯQ384,Кислородный бак,КБ384QИХЯ276
1294-05-20,ЮХYГ721,Топливный насос,ТН721YЮХГ730
1771-07-17,ЮDЖВ409,Система санитарной обработки,ССО409DЮЖВ253
1467-11-05,ЪWLС897,Гидравлический толкач,ГТ897WLЪС557
1101-11-25,EЧЕY399,Внутренний предохранитель,ВП399EYЧЕ923
1041-10-07,AWЖY880,Фильтр газоотводного патрубка,ФГП880AWYЖ983
1558-11-05,XИRЯ372,Азотный бак,АБ372XRИЯ466
0980-09-15,MZDQ508,Щит теплоизоляции,ЩТ508MZDQ1044
0946-05-11,БMHZ707,Система взрывной обработки,СВО707MHZБ1078
1750-04-05,ЗЩEП754,Регулятор давления,РД754EЗЩП274
1675-09-22,КEDК49,Система дозаправки топлива,СДТ49EDКК349
1343-05-23,ХIЪN221,Герметичный контейнер,ГК221INХЪ681
1868-11-10,LXНЪ820,Гидравлический толкач,ГТ820LXНЪ156
1760-04-14,ТGTЮ156,Вакуумный регулятор давления,ВРД156GTТЮ264
1192-10-25,ОУЩЕ338,Система аварийного отключения,САО338ОУЩЕ832
0965-12-12,OQNЙ484,Разгрузочный механизм,РМ484OQNЙ1059
1861-02-13,RШФХ268,Система автоматического восстановления,САВ268RШФХ163
1838-12-23,ЮЭЖD652,Разделитель зарядки,РЗ652DЮЭЖ186
1274-05-16,ЙЧЖИ535,Щит теплоизоляции,ЩТ535ЙЧЖИ750
1608-04-28,GRИС27,Разгрузочный механизм,РМ27GRИС416
1711-12-17,IПМL33,Модульный отсек,МО33ILПМ313
1450-06-28,ПOХИ509,Двигатель основной,ДО509OПХИ574
1639-11-06,ЦSЫД910,Система санитарной обработки,ССО910SЦЫД385
1381-09-27,КЮOЧ713,Контроллер топлива,КТ713OКЮЧ643
1103-05-26,HNФЦ427,Телекоммуникационная антенна,ТА427HNФЦ921
1458-04-18,WYПВ527,Вакуумный регулятор давления,ВРД527WYПВ566
1906-01-14,QTXД879,Информационно-управляющая система,ИС879QTXД118
1410-09-09,AКШК319,Система газораспределения,СГ319AКШК614
1655-06-21,ФФИH165,Мультиспектральный прибор,МП165HФФИ369
1303-02-21,EMЖH971,Воздухозаборник,В971EMHЖ721
1438-03-03,АКQV572,Радиосигнальная система,РС572QVАК586
1903-02-01,ХМKУ765,Автоматическая навигационная система,АНС765KХМУ121
1649-06-08,БШQЩ497,Гидрозапорная система,ГС497QБШЩ375
0953-03-04,ТБEШ522,Запасной двигатель,ЗД522EТБШ1071
1534-08-28,ЙGЩБ85,Телекоммуникационная антенна,ТА85GЙЩБ490
1261-08-27,ЧHTN947,Газодинамическая система управления,ГСУ947HTNЧ763
1609-05-09,ПWВЕ664,Солнечные батареи,СБ664WПВЕ415
